"","country_code","cases_in_last_30_days","sequences_in_last_30_days","population_size","percent_of_cases_sequenced_last_30_days","per_capita_seq_rate_in_last_30_days","max_prevalence_variant_pct","cases_per_100k_last_7_days","cases_per_100k_last_30_days","max_new_tests_cap_avg","cap_cum_tests","cum_tpr","tests_in_last_7_days","tests_in_last_30_days","tests_per_100k_in_last_7_days","tests_per_100k_in_last_30_days","positivity_in_last_7_days","positivity_in_last_30_days","cum_omicron_seq","BNO_confirmed","BNO_probable","max_omicron","country_name","cum_omicron_seq_NA","max_omicron_seq_NA","log10_max_prevalence_variant_pct","max_prevalence_variant_pct_flags","max_prevalence_variant_pct_w_pct"
"1","ABW",0,33,107195,Inf,30.7850179579271,8.68,0,0,NA,NA,NA,NA,NA,NA,NA,NA,NA,0,NA,NA,0,NA,NA,NA,0.938425597616029,"8.68","8.68%"
"2","AFG",1053,0,39835428,0,0,100,0.464410725046057,2.64337564039729,0.11,20.4960439786272,0.19733164550616,6229,20811,15.6368346287129,52.2424410753162,0.0296997912987639,0.0505982413146893,0,NA,NA,0,NA,NA,NA,2,"not estimated, insufficient recent sequencing","not estimated, insufficient recent sequencing"
"3","AGO",647,0,33933611,0,0,100,0.306480792745576,1.90666416256142,0.64,55.4998782936774,0.0357768032722626,0,178406,0,525.750118370839,Inf,0.00362655964485499,0,NA,NA,0,NA,NA,NA,2,"not estimated, insufficient recent sequencing","not estimated, insufficient recent sequencing"
"4","AIA",0,0,15125,NA,0,100,0,0,NA,NA,NA,NA,NA,NA,NA,NA,NA,0,NA,NA,0,NA,NA,NA,2,"not estimated, insufficient recent sequencing","not estimated, insufficient recent sequencing"
"5","ALB",13736,4,2872934,0.029120559114735,0.139230487021282,52.71,68.9190910755346,478.117492431083,1.9,487.128214037526,0.143891922351288,15275,87905,531.686422312521,3059.76399040145,0.12962356792144,0.156259598430123,0,NA,NA,0,NA,NA,NA,1.72191707065002,"52.71","52.71%"
"6","AND",2392,0,77354,0,0,100,1677.99984486904,3092.2770638881,110.29,4609.76623376623,0.0507392548851676,0,0,0,0,Inf,Inf,0,NA,NA,0,NA,NA,NA,2,"not estimated, insufficient recent sequencing","not estimated, insufficient recent sequencing"
"7","ARE",2039,0,9991083,0,0,100,3.52314158535166,20.4081979901478,31.35,9828.98341759353,0.00763644007550522,0,3357400,0,33603.9646552831,Inf,0.000607315184368857,0,1,NA,1,"United Arab Emirates",NA,1,2,"not estimated, insufficient recent sequencing","not estimated, insufficient recent sequencing"
"8","ARG",45416,15,45605823,0.0330280077505725,0.032890536807109,18.1,26.8825320836771,99.5837746421109,2.24,585.29292415258,0.201893788654317,272855,1142992,598.289828033582,2506.24136308208,0.0449322900441627,0.0397343113512605,0,1,NA,1,"Argentina",NA,1,1.25776559905673,"18.1","18.1%"
"9","ARM",23884,0,2968128,0,0,100,87.6983741941048,804.682277853246,2.31,611.249071886601,0.188127197866968,0,0,0,0,Inf,Inf,0,NA,NA,0,NA,NA,NA,2,"not estimated, insufficient recent sequencing","not estimated, insufficient recent sequencing"
"10","ATG",69,0,98728,0,0,100,6.07730329794992,69.8889879264241,1.31,170.408163265306,0.248323353293413,0,0,0,0,Inf,Inf,0,NA,NA,0,NA,NA,NA,2,"not estimated, insufficient recent sequencing","not estimated, insufficient recent sequencing"
"11","AUS",40194,1186,25788217,2.95068915758571,4.59899961288522,0.25,34.4459642169135,155.86188064107,8.63,1916.50894117647,0.00448366308527732,1086829,4743909,4214.4402616125,18395.645577203,0.00817331889377262,0.0084727594901167,16,28,NA,28,"Australia",16,28,-0.598130070338118,"0.25","0.25%"
"12","AUT",333088,184,9043072,0.055240657123643,2.03470678990502,1.61,516.074625967813,3683.35008280372,50.75,12536.9066178103,0.0106147002028149,2828101,13775476,31273.6755828108,152331.818213987,0.0165018858944571,0.0241797815189834,15,15,NA,15,"Austria",15,15,0.20815456426758,"1.61","1.61%"
"13","AZE",54238,0,10223344,0,0,100,95.3504058945879,530.530910434003,1.61,553.127330111451,0.106342938269571,80220,358960,784.674760039377,3511.17990356189,0.121515831463475,0.151097615333185,0,NA,NA,0,NA,NA,NA,2,"not estimated, insufficient recent sequencing","not estimated, insufficient recent sequencing"
"14","BDI",303,0,12255429,0,0,100,0.195831577988824,2.47237367210891,0.59,75.8533344546295,0.0226603486582732,16710,57150,136.347736174719,466.323945085888,0.00143626570915619,0.00530183727034121,0,NA,NA,0,NA,NA,NA,2,"not estimated, insufficient recent sequencing","not estimated, insufficient recent sequencing"
"15","BEL",423919,2445,11632334,0.576761126535966,21.0189975631718,0.12,670.527514082728,3644.31592146512,13.12,2439.33062985332,0.0646391204365106,842074,3081093,7239.08030838867,26487.3154433152,0.0926260637426164,0.137587213368762,11,7,NA,11,"Belgium",11,11,-0.912041897422639,"0.12","0.12%"
"16","BEN",59,0,12451031,0,0,100,0.10440902444143,0.47385634169572,0.29,52.8405510187247,0.0388128994389512,0,0,0,0,Inf,Inf,0,NA,NA,0,NA,NA,NA,2,"not estimated, insufficient recent sequencing","not estimated, insufficient recent sequencing"
"17","BES",0,0,26445,NA,0,100,0,0,NA,NA,NA,NA,NA,NA,NA,NA,NA,0,NA,NA,0,NA,NA,NA,2,"not estimated, insufficient recent sequencing","not estimated, insufficient recent sequencing"
"18","BFA",897,0,21497097,0,0,100,1.34436756739759,4.17265642891224,0.05,13.1295507821844,0.0582990522760314,4461,14557,20.7516391631856,67.7161199951789,0.0647836807890607,0.0616198392525933,0,NA,NA,0,NA,NA,NA,2,"not estimated, insufficient recent sequencing","not estimated, insufficient recent sequencing"
"19","BGD",6958,0,166303494,0,0,100,0.861076316291948,4.18391690555822,0.25,57.8493402716636,0.165573440115879,0,0,0,0,Inf,Inf,0,NA,NA,0,NA,NA,NA,2,"not estimated, insufficient recent sequencing","not estimated, insufficient recent sequencing"
"20","BGR",74480,0,6896655,0,0,100,156.365658424265,1079.94382784118,3.03,670.483592400691,0.150940642092338,0,0,0,0,Inf,Inf,0,NA,NA,0,NA,NA,NA,2,"not estimated, insufficient recent sequencing","not estimated, insufficient recent sequencing"
"21","BHR",820,275,1748295,33.5365853658537,15.7296108494276,1.08,11.6113127361229,46.9028396237477,10.45,4403.72032902468,0.0370681930618433,132450,512246,7575.95257093339,29299.7463242759,0.00153265383163458,0.00160079336881108,0,NA,NA,0,NA,NA,NA,0.0348069426632915,"1.08","1.08%"
"22","BHS",340,0,396914,0,0,100,15.6205122520244,85.6608736401336,1.27,420.468193384224,0.138129069739295,0,6910,0,1740.93128486272,Inf,0.0492040520984081,0,NA,NA,0,NA,NA,NA,2,"not estimated, insufficient recent sequencing","not estimated, insufficient recent sequencing"
"23","BIH",19827,0,3263459,0,0,100,92.2027823851931,607.545552127359,1.02,303.694300518135,0.27822376284723,16220,69319,497.018654133544,2124.09593624433,0.185511713933416,0.286025476420606,0,NA,NA,0,NA,NA,NA,2,"not estimated, insufficient recent sequencing","not estimated, insufficient recent sequencing"
"24","BLM",0,0,-Inf,NA,0,100,0,0,NA,NA,NA,NA,NA,NA,NA,NA,NA,0,NA,NA,0,NA,NA,NA,2,"not estimated, insufficient recent sequencing","not estimated, insufficient recent sequencing"
"25","BLR",53791,0,9442867,0,0,100,111.089142735993,569.646909143166,3.83,1115.43158006138,0.0629820755081282,157723,789918,1670.28721255949,8365.23483810584,0.0665090062958478,0.0680969417078735,0,NA,NA,0,NA,NA,NA,2,"not estimated, insufficient recent sequencing","not estimated, insufficient recent sequencing"
"26","BLZ",2786,0,404915,0,0,100,84.4621710729412,688.045639208229,3.83,847.618090452261,0.0909435841494937,4955,36587,1223.71361890767,9035.72354691725,0.069021190716448,0.0761472654221445,0,NA,NA,0,NA,NA,NA,2,"not estimated, insufficient recent sequencing","not estimated, insufficient recent sequencing"
"27","BMU",0,0,62092,NA,0,100,0,0,44.1,10492.5967741935,NA,10805,50802,17401.5976293242,81817.30335631,0,0,0,NA,NA,0,NA,NA,NA,2,"not estimated, insufficient recent sequencing","not estimated, insufficient recent sequencing"
"28","BOL",26161,0,11832936,0,0,100,58.4639349017015,221.086296756781,1.04,196.074702304463,0.237414692543626,0,0,0,0,Inf,Inf,0,NA,NA,0,NA,NA,NA,2,"not estimated, insufficient recent sequencing","not estimated, insufficient recent sequencing"
"29","BRA",280633,1274,213993441,0.453973695181964,0.595345349860513,0.23,27.2634524345071,131.140935296236,1.6,307.585602115177,0.338682489996037,438763,1998955,205.035723501451,934.119751829216,0.132969279542714,0.140389853698557,4,5,NA,5,"Brazil",4,5,-0.629176938087466,"0.23","0.23%"
"30","BRB",6579,0,287708,0,0,100,327.762870688337,2286.69345308438,8.1,1431.31010452962,0.0635245602333088,0,16545,0,5750.62215857745,Inf,0.397642792384406,0,NA,NA,0,NA,NA,NA,2,"not estimated, insufficient recent sequencing","not estimated, insufficient recent sequencing"
"31","BRN",1641,0,441532,0,0,100,28.9899712818097,371.660491198826,11.37,1406.87643020595,0.0247005147973748,10709,98277,2425.41876919453,22258.1828723626,0.0119525632645438,0.0166977013950365,0,NA,NA,0,NA,NA,NA,2,"not estimated, insufficient recent sequencing","not estimated, insufficient recent sequencing"
"32","BTN",18,0,779900,0,0,100,0.128221566867547,2.30798820361585,7.51,1607.22279792746,0.00212850667646699,4172,36524,534.940376971407,4683.16450827029,0.000239693192713327,0.000492826634541671,0,NA,NA,0,NA,NA,NA,2,"not estimated, insufficient recent sequencing","not estimated, insufficient recent sequencing"
"33","BWA",2367,141,2397240,5.95690747782003,5.88176402863293,2.1,9.7612254092206,98.7385493317315,2.6,796.434523809524,0.104260378152203,16588,49913,691.962423453638,2082.10275149756,0.0141065830721003,0.0474225151764069,23,23,NA,23,"Botswana",23,23,0.322678472416383,"2.1","2.1%"
"34","CAF",163,0,4919987,0,0,100,0.691058736537312,3.3130168839877,0.1,14.971635610766,0.16237744250688,467,2930,9.49189499890955,59.5530028839507,0.0728051391862955,0.0556313993174061,0,NA,NA,0,NA,NA,NA,2,"not estimated, insufficient recent sequencing","not estimated, insufficient recent sequencing"
"35","CAN",79722,1746,38067913,2.19011063445473,4.58653985050349,0.17,45.1062289650604,209.42046389567,6.96,1295.52209739812,0.0371339381390082,593732,2658102,1559.66522251955,6982.52620257906,0.0289204556938147,0.0299920770534765,20,22,NA,22,"Canada",20,22,-0.765913762378132,"0.17","0.17%"
"36","CHE",157187,6910,8715494,4.39603784027941,79.284088773396,0.04,440.525803815596,1803.53517540142,4.85,1525.79422299249,0.079104411268153,395167,1282506,4534.0746032296,14715.2416145315,0.0971589226833212,0.122562389571667,9,6,NA,9,"Switzerland",9,9,-1.36306918689751,"0.04","0.04%"
"37","CHL",68721,504,19212362,0.733400270659624,2.62331097030131,0.59,58.2021096625183,357.691573789834,3.97,1361.8221908349,0.0680895291529353,463984,2129310,2415.02840723072,11083.0204011355,0.024099968964447,0.0322738351860462,0,1,NA,1,"Chile",NA,1,-0.227217603311829,"0.59","0.59%"
"38","CHN",1538,1,1444216102,0.0650195058517555,6.92417151848096e-05,95,0.0340669238709263,0.106493757954237,0.5,62.5293540578772,0.00124156666666667,0,0,0,0,Inf,Inf,0,NA,NA,0,NA,NA,NA,1.97772360528885,"minimal recent COVID cases","minimal recent COVID cases"
"39","CIV",437,0,27053629,0,0,100,0.413992518341994,1.61531009388796,0.15,44.096709379028,0.0531507080141302,14185,63806,52.4328917203677,235.850059154726,0.00789566443426154,0.00684888568473184,0,NA,NA,0,NA,NA,NA,2,"not estimated, insufficient recent sequencing","not estimated, insufficient recent sequencing"
"40","CMR",2800,0,27224262,0,0,100,1.30031073018618,10.2849436285913,0.41,84.4579220974911,0.047790831482324,0,73368,0,269.494908622316,Inf,0.0381637771235416,0,NA,NA,0,NA,NA,NA,2,"not estimated, insufficient recent sequencing","not estimated, insufficient recent sequencing"
"41","COD",714,0,92377986,0,0,100,0.0920132638527105,0.772911416362768,0.02,5.13733656390616,0.126751502374458,11184,49120,12.1067805050437,53.1728414170017,0.00760014306151645,0.0145358306188925,0,NA,NA,0,NA,NA,NA,2,"not estimated, insufficient recent sequencing","not estimated, insufficient recent sequencing"
"42","COG",1026,23,5657017,2.24171539961014,0.406574701826068,12.21,1.14901546168237,18.1367671336324,0.18,52.146611090975,0.0659264279136041,5484,29654,96.9415506440939,524.198530780445,0.0118526622902991,0.0345990422877184,0,NA,NA,0,NA,NA,NA,1.08679884740341,"12.21","12.21%"
"43","COK",0,0,17572,NA,0,100,0,0,NA,NA,NA,NA,NA,NA,NA,NA,NA,0,NA,NA,0,NA,NA,NA,2,"not estimated, insufficient recent sequencing","not estimated, insufficient recent sequencing"
"44","COL",70082,18,51265841,0.0256841985103165,0.0351110986358343,15.33,26.7546571605058,136.70311192203,2.79,555.502898807067,0.179761062666372,309986,1355615,604.66383454043,2644.28510984536,0.0442471595491409,0.0516975690000479,0,NA,NA,0,NA,NA,NA,1.18559188186244,"15.33","15.33%"
"45","COM",242,0,888456,0,0,100,4.95241182455856,27.2382650350721,0.09,7.15747126436782,0.729404207483539,0,0,0,0,Inf,Inf,0,NA,NA,0,NA,NA,NA,2,"not estimated, insufficient recent sequencing","not estimated, insufficient recent sequencing"
"46","CPV",208,0,561901,0,0,100,14.7712853331815,37.0171969795391,2.56,678.14928057554,0.101975594813434,3090,11666,549.918935897961,2076.16644213127,0.0268608414239482,0.0178295902623007,0,NA,NA,0,NA,NA,NA,2,"not estimated, insufficient recent sequencing","not estimated, insufficient recent sequencing"
"47","CRI",5067,6,5139053,0.118413262285376,0.116753028233023,39.3,16.0146237059629,98.5979323427877,1.94,414.346486062034,0.268815135967965,0,0,0,0,Inf,Inf,0,NA,NA,0,NA,NA,NA,1.59443428594509,"39.3","39.3%"
"48","CUB",8142,0,11317498,0,0,100,6.53854765426069,71.9416959472845,4.79,914.848768429416,0.0929399993746678,0,0,0,0,Inf,Inf,0,NA,NA,0,NA,NA,NA,2,"not estimated, insufficient recent sequencing","not estimated, insufficient recent sequencing"
"49","CUW",0,8,164796,Inf,4.85448675938736,31.23,0,0,NA,NA,NA,NA,NA,NA,NA,NA,NA,0,NA,NA,0,NA,NA,NA,1.49463313724616,"31.23","31.23%"
"50","CYM",0,0,66498,NA,0,100,0,0,NA,NA,NA,NA,NA,NA,NA,NA,NA,0,NA,NA,0,NA,NA,NA,2,"not estimated, insufficient recent sequencing","not estimated, insufficient recent sequencing"
"51","CYP",11419,0,896005,0,0,100,331.694577597223,1274.43485248408,53.61,7261.98425849213,0.0156107979096919,0,0,0,0,Inf,Inf,0,NA,NA,0,NA,NA,NA,2,"not estimated, insufficient recent sequencing","not estimated, insufficient recent sequencing"
"52","CZE",439567,498,10724553,0.113293309097362,4.64355017873472,0.6,1010.21459822148,4098.69763336523,29.64,4139.8149220282,0.050542642030666,822071,3295978,7665.31714655147,30733.0105040275,0.131790319814225,0.13336466444861,1,1,NA,1,"Czechia",1,1,-0.222031944782892,"0.6","0.6%"
"53","DEU",1445050,23062,83900471,1.59593093664579,27.4873307922193,0.01,412.456564159217,1722.3383644652,2.77,1023.85229876826,0.0722867865231301,1123444,6622915,1339.01989656292,7893.77570955472,0.308028704590527,0.218189422633387,15,15,NA,15,"Germany",15,15,-1.88642217654596,"<0.01","<0.01%"
"54","DJI",17,0,1002197,0,0,100,0.399123126491099,1.69627328758717,0.85,251.351214574899,0.0543942658102966,2151,10489,214.628461270589,1046.60061844128,0.00185960018596002,0.00162074554294976,0,NA,NA,0,NA,NA,NA,2,"not estimated, insufficient recent sequencing","not estimated, insufficient recent sequencing"
"55","DMA",1159,0,72172,0,0,100,228.620517652275,1605.88593914538,16.39,1447,0.0587422252937111,0,9811,0,13593.9145374938,Inf,0.118132708184691,0,NA,NA,0,NA,NA,NA,2,"not estimated, insufficient recent sequencing","not estimated, insufficient recent sequencing"
"56","DNK",113164,26646,5813302,23.5463574988512,458.362562275278,0.01,453.219185929098,1946.63893257223,97.88,14571.6950966851,0.00609731663754674,0,0,0,0,Inf,Inf,3,32,151,32,"Denmark",3,32,-1.94915343838633,"<0.01","<0.01%"
"57","DOM",22231,0,10953714,0,0,100,12.8084410456581,202.953993503938,0.6,188.012629056047,0.200296044099686,0,0,0,0,Inf,Inf,0,NA,NA,0,NA,NA,NA,2,"not estimated, insufficient recent sequencing","not estimated, insufficient recent sequencing"
"58","DZA",4474,0,44616626,0,0,100,2.52148156608705,10.0276520237097,0.04,5.25764520763495,0.917225106591543,0,0,0,0,Inf,Inf,0,NA,NA,0,NA,NA,NA,2,"not estimated, insufficient recent sequencing","not estimated, insufficient recent sequencing"
"59","ECU",8596,167,17888474,1.94276407631456,0.933562024351546,1.78,1.42549889945895,48.053288391173,0.29,115.741653913733,0.258012859752305,30151,99055,168.549871833673,553.736445042769,0.00845743093098073,0.086780071677351,0,NA,NA,0,NA,NA,NA,0.249897050614747,"1.78","1.78%"
"60","EGY",27489,0,104258327,0,0,100,5.30701015373093,26.3662393124724,0.14,38.9632087087381,0.0910805688416183,0,0,0,0,Inf,Inf,0,NA,NA,0,NA,NA,NA,2,"not estimated, insufficient recent sequencing","not estimated, insufficient recent sequencing"
"61","ERI",548,0,3601462,0,0,100,3.24868067468156,15.2160428181666,0.07,6.68161308516638,0.314776516270628,0,0,0,0,Inf,Inf,0,NA,NA,0,NA,NA,NA,2,"not estimated, insufficient recent sequencing","not estimated, insufficient recent sequencing"
"62","ESP",177319,1793,46745211,1.01117195562799,3.83568703968413,0.17,104.898446174518,379.330836692554,5.56,1364.92805047588,0.0815290721495178,0,1265659,0,2707.56933795849,Inf,0.140100137556798,8,7,NA,8,"Spain",8,8,-0.777440049013882,"0.17","0.17%"
"63","EST",22364,73,1325188,0.326417456626722,5.50865235725044,4.02,236.419285414598,1687.60960708971,6.07,1212.90580256217,0.139788360051344,0,0,0,0,Inf,Inf,0,NA,2,0,"Estonia",NA,NA,0.604299447545548,"4.02","4.02%"
"64","ETH",5432,0,117876226,0,0,100,0.737213965435235,4.60822354458481,0.17,33.912059427299,0.09547240004658,40803,179928,34.6151224760114,152.641466481969,0.0212974536186065,0.0301898537192655,0,NA,NA,0,NA,NA,NA,2,"not estimated, insufficient recent sequencing","not estimated, insufficient recent sequencing"
"65","FIN",28750,1,5548361,0.00347826086956522,0.0180233405865264,95,101.002800646894,518.171041862633,4.19,1242.89839379173,0.0277666293978423,0,0,0,0,Inf,Inf,1,7,NA,7,"Finland",1,7,1.97772360528885,"not estimated, insufficient recent sequencing","not estimated, insufficient recent sequencing"
"66","FJI",296,0,902899,0,0,100,4.09791128354334,32.7832902683467,3.49,257.822544642857,0.227450012770065,0,0,0,0,Inf,Inf,0,2,NA,2,"Fiji",NA,2,2,"not estimated, insufficient recent sequencing","not estimated, insufficient recent sequencing"
"67","FLK",0,0,3528,NA,0,100,0,0,NA,NA,NA,NA,NA,NA,NA,NA,NA,0,NA,NA,0,NA,NA,NA,2,"not estimated, insufficient recent sequencing","not estimated, insufficient recent sequencing"
"68","FRA",719934,3590,67564251,0.498656821319732,5.31346081228666,0.08,429.052340119925,1065.55462296178,10.57,2594.2156907804,0.0473690897682098,4498301,12384345,6657.81228004733,18329.7303184786,0.0644434420906916,0.058132585938134,7,25,NA,25,"France",7,25,-1.0787726397519,"0.08","0.08%"
"69","FRO",0,0,49053,NA,0,100,0,0,39.89,8100.42857142857,NA,0,0,0,0,NA,NA,0,NA,NA,0,NA,NA,NA,2,"not estimated, insufficient recent sequencing","not estimated, insufficient recent sequencing"
"70","GAB",1457,0,2278829,0,0,100,5.92409522610077,63.9363462550283,1.97,633.377807726864,0.0265813366773081,13503,75739,592.541169170657,3323.59295058997,0.00999777827149522,0.0192371169410739,0,NA,NA,0,NA,NA,NA,2,"not estimated, insufficient recent sequencing","not estimated, insufficient recent sequencing"
"71","GBR",1236698,144707,68207114,11.7010781937061,212.158221501646,0.01,407.687679030079,1813.15104462564,17.5,5238.48387001738,0.0295914864292845,3987983,27002159,5846.8725124479,39588.4789964871,0.0697274787781192,0.0457999673285384,143,336,NA,336,"United Kingdom",143,336,-2.68399103723038,"<0.01","<0.01%"
"72","GEO",121782,0,3979773,0,0,100,620.638413296437,3060.02377522537,2.99,719.16746051642,0.301626243264073,0,0,0,0,Inf,Inf,0,NA,NA,0,NA,NA,NA,2,"not estimated, insufficient recent sequencing","not estimated, insufficient recent sequencing"
"73","GGY",0,0,63385,NA,0,100,0,0,NA,NA,NA,NA,NA,NA,NA,NA,NA,0,NA,NA,0,NA,NA,NA,2,"not estimated, insufficient recent sequencing","not estimated, insufficient recent sequencing"
"74","GHA",529,56,31732128,10.586011342155,0.176477291406363,5.21,0,1.66708012774939,0.19,64.3891481350368,0.0654350038285375,22572,119315,71.1329539575789,376.006929002681,0,0.00443364203997821,33,33,NA,33,"Ghana",33,33,0.716750415571495,"5.21","5.21%"
"75","GIB",0,0,33691,NA,0,100,0,0,NA,NA,NA,NA,NA,NA,NA,NA,NA,0,NA,NA,0,NA,NA,NA,2,"not estimated, insufficient recent sequencing","not estimated, insufficient recent sequencing"
"76","GIN",89,0,13497237,0,0,100,0,0.659394215275319,0.32,38.8134470418031,0.0603644624580911,0,0,0,0,NA,Inf,0,NA,NA,0,NA,NA,NA,2,"not estimated, insufficient recent sequencing","not estimated, insufficient recent sequencing"
"77","GLP",0,0,-Inf,NA,0,100,0,0,NA,NA,NA,NA,NA,NA,NA,NA,NA,0,NA,NA,0,NA,NA,NA,2,"not estimated, insufficient recent sequencing","not estimated, insufficient recent sequencing"
"78","GMB",19,0,2486937,0,0,100,0.120630317535185,0.763992011056171,0.28,50.4153909805544,0.0819997702168168,0,3590,0,144.354279983771,Inf,0.0052924791086351,0,NA,NA,0,NA,NA,NA,2,"not estimated, insufficient recent sequencing","not estimated, insufficient recent sequencing"
"79","GNB",294,0,2015490,0,0,100,0.198462904802306,14.5870235029695,0.18,54.717987804878,0.0598412035102382,1084,4411,53.783447201425,218.854968270743,0.003690036900369,0.0666515529358422,0,NA,NA,0,NA,NA,NA,2,"not estimated, insufficient recent sequencing","not estimated, insufficient recent sequencing"
"80","GNQ",192,0,1449891,0,0,100,1.3794140387105,13.2423747716208,0.62,185.697077690663,0.0521968426264619,3191,16282,220.08550987626,1122.98096891421,0.00626762770291445,0.0117921631249232,0,NA,NA,0,NA,NA,NA,2,"not estimated, insufficient recent sequencing","not estimated, insufficient recent sequencing"
"81","GRC",191956,286,10370747,0.148992477442747,2.75775698703285,1.04,337.854158432368,1850.93706364643,34.31,3673.92900316607,0.025232075470417,2570321,10962813,24784.3381002352,105709.000518478,0.0136317603910173,0.0175097395166733,1,1,NA,1,"Greece",1,1,0.0178644224751402,"1.04","1.04%"
"82","GRD",51,0,113015,0,0,100,17.6967659160288,45.1267530858736,0.89,212.29203539823,0.246279544791363,0,0,0,0,Inf,Inf,0,NA,NA,0,NA,NA,NA,2,"not estimated, insufficient recent sequencing","not estimated, insufficient recent sequencing"
"83","GRL",0,0,56868,NA,0,100,0,0,13.23,919.578947368421,NA,0,0,0,0,NA,NA,0,NA,NA,0,NA,NA,NA,2,"not estimated, insufficient recent sequencing","not estimated, insufficient recent sequencing"
"84","GTM",15266,0,18249868,0,0,100,12.2247459543269,83.6499200980522,0.7,145.97549676267,0.237010175134985,0,0,0,0,Inf,Inf,0,NA,NA,0,NA,NA,NA,2,"not estimated, insufficient recent sequencing","not estimated, insufficient recent sequencing"
"85","GUF",0,17,-Inf,Inf,0,16.16,0,0,NA,NA,NA,NA,NA,NA,NA,NA,NA,0,NA,NA,0,NA,NA,NA,1.20835027205812,"16.16","16.16%"
"86","GUY",2167,0,790329,0,0,100,42.3874108124591,274.189609643579,1.46,239.97331639136,0.202055501723508,0,0,0,0,Inf,Inf,0,NA,NA,0,NA,NA,NA,2,"not estimated, insufficient recent sequencing","not estimated, insufficient recent sequencing"
"87","HKG",101,17,7552800,16.8316831683168,0.225082088761784,16.16,0.410443808918547,1.33725240970236,11.84,3806.79578498066,NA,196776,1409479,2605.33841754051,18661.6751403453,0.000157539537341952,7.16576834418959e-05,12,12,NA,12,"Hong Kong SAR China",12,12,1.20835027205812,"16.16","16.16%"
"88","HND",1970,0,10062994,0,0,100,3.89546093339616,19.5766786703838,0.33,104.720646138314,0.36466433616323,0,0,0,0,Inf,Inf,0,NA,NA,0,NA,NA,NA,2,"not estimated, insufficient recent sequencing","not estimated, insufficient recent sequencing"
"89","HRV",140963,240,4081657,0.170257443442606,5.87996492600922,1.24,653.901099479942,3453.57289943765,2.87,855.609500609013,0.179666068479223,76084,363989,1864.04688096036,8917.67730605487,0.350796488092109,0.387272692306636,1,2,NA,2,"Croatia",1,2,0.0935840967014653,"1.24","1.24%"
"90","HTI",1437,0,11541683,0,0,100,2.90252296827075,12.4505238967315,0,0,NA,0,0,0,0,Inf,Inf,0,NA,NA,0,NA,NA,NA,2,"not estimated, insufficient recent sequencing","not estimated, insufficient recent sequencing"
"91","HUN",242705,0,9634162,0,0,100,395.99707789842,2519.2123611789,3.68,897.177950310559,0.130945330187052,262844,1091500,2728.24974294599,11329.4752569035,0.145146931259606,0.222359138799817,0,NA,NA,0,NA,NA,NA,2,"not estimated, insufficient recent sequencing","not estimated, insufficient recent sequencing"
"92","IDN",10365,59,276361788,0.569223347805113,0.0213488269948521,4.95,0.569181438354278,3.75051850511258,0.98,205.292244921835,0.0758237998063697,1938732,8112929,701.519560294638,2935.61894309354,0.000811355050620715,0.00127759037457372,0,NA,NA,0,NA,NA,NA,0.694671960114352,"4.95","4.95%"
"93","IMN",0,0,85410,NA,0,100,0,0,NA,NA,NA,NA,NA,NA,NA,NA,NA,0,NA,NA,0,NA,NA,NA,2,"not estimated, insufficient recent sequencing","not estimated, insufficient recent sequencing"
"94","IND",296878,387,1393409033,0.130356577449323,0.0277736106796144,0.77,3.85665649692971,21.3058759466216,1.61,469.751585502651,0.0534378349080615,7736830,34570925,555.244713990597,2481.03207179367,0.00694586801054179,0.00858750525188435,4,21,NA,21,"India",4,21,-0.112887799832244,"0.77","0.77%"
"95","IRL",131977,407,4982904,0.30838706744357,8.1679277786608,0.73,593.890630844985,2648.59607971576,7.57,1855.59943296881,0.0648535679011672,222414,909223,4463.54174192399,18246.8496282489,0.133053674678752,0.145153609180586,1,1,NA,1,"Ireland",1,1,-0.134688747628025,"0.73","0.73%"
"96","IRN",161008,0,85028760,0,0,100,25.018593708764,189.357106936524,1.58,454.974366911528,0.16052647541407,0,2376893,0,2795.39887445142,Inf,0.0677388506760717,0,NA,NA,0,NA,NA,NA,2,"not estimated, insufficient recent sequencing","not estimated, insufficient recent sequencing"
"97","IRQ",23124,0,41179351,0,0,100,9.46590926117315,56.1543575565336,8.09,652.291276135544,0.0794426612197257,0,0,0,0,Inf,Inf,0,NA,NA,0,NA,NA,NA,2,"not estimated, insufficient recent sequencing","not estimated, insufficient recent sequencing"
"98","ISL",4078,0,343360,0,0,100,163.967847157502,1187.67474370923,10.21,1620.4633431085,0.0331772166101437,0,0,0,0,Inf,Inf,0,3,4,3,"Iceland",NA,3,2,"not estimated, insufficient recent sequencing","not estimated, insufficient recent sequencing"
"99","ISR",12652,2770,9291000,21.893771735694,29.8137982994296,0.11,31.6327628888171,136.174792810246,9.16,1965.49803604436,0.0791093418339515,0,0,0,0,Inf,Inf,4,11,24,11,"Israel",4,11,-0.966211592683797,"0.11","0.11%"
"100","ITA",313617,3522,60367471,1.12302585637896,5.83426792883207,0.09,154.540182741795,519.513232548702,8.66,2023.79038073501,0.0417536875334937,3947955,16136037,6539.87144831693,26729.6885768165,0.0236304618467029,0.0194358131429669,4,9,NA,9,"Italy",4,9,-1.07047104081799,"0.09","0.09%"
"101","JAM",2003,0,2973462,0,0,100,8.30681542256131,67.3625558355883,0.83,199.917933130699,0.154519669503021,0,0,0,0,Inf,Inf,0,NA,NA,0,NA,NA,NA,2,"not estimated, insufficient recent sequencing","not estimated, insufficient recent sequencing"
"102","JEY",0,0,101073,NA,0,100,0,0,NA,NA,NA,NA,NA,NA,NA,NA,NA,0,NA,NA,0,NA,NA,NA,2,"not estimated, insufficient recent sequencing","not estimated, insufficient recent sequencing"
"103","JOR",103371,54,10269022,0.0522390225498447,0.525853387011928,5.4,262.82931324911,1006.62945312611,4.21,1192.69557973145,0.0801996996813151,107616,753312,1047.96737216066,7335.77160512462,0.250799137674695,0.137222027526443,0,NA,NA,0,NA,NA,NA,0.732118354727317,"5.4","5.4%"
"104","JPN",3934,34,126050796,0.864260294865277,0.0269732529098825,8.43,0.534705072390023,3.12096402786699,0.95,217.201998798191,0.0628749976338547,311823,1385072,247.378842415243,1098.82051042343,0.00216148263598259,0.00284028555916227,3,3,NA,3,"Japan",3,3,0.926031760169681,"8.43","8.43%"
"105","KAZ",31324,0,18994958,0,0,100,24.56967791137,164.906918983448,2.77,600.522873728498,0.0938946709733879,0,0,0,0,Inf,Inf,0,NA,NA,0,NA,NA,NA,2,"not estimated, insufficient recent sequencing","not estimated, insufficient recent sequencing"
"106","KEN",1700,9,54985702,0.529411764705882,0.0163678914202096,28.31,0.832943807828442,3.09171282381736,0.15,53.1096873779547,0.0894462106597856,30238,133912,54.9924778626997,243.5396750959,0.0151465043984391,0.012694904116136,0,NA,NA,0,NA,NA,NA,1.45198410280984,"28.31","28.31%"
"107","KGZ",1947,0,6628347,0,0,100,4.97861684066932,29.373839359949,3.44,467.902053954629,0.0601505015572007,0,0,0,0,Inf,Inf,0,NA,NA,0,NA,NA,NA,2,"not estimated, insufficient recent sequencing","not estimated, insufficient recent sequencing"
"108","KHM",1308,214,16946446,16.3608562691131,1.26280165174456,1.39,0.849735690893536,7.71843252561629,0.9,162.925773072552,0.0441475559810805,15429,86593,91.0456387138637,510.980296399611,0.00933307408127552,0.0151051470673149,0,NA,NA,0,NA,NA,NA,0.143052981215037,"1.39","1.39%"
"109","KIR",0,0,121388,NA,0,100,0,0,0,0,NA,0,0,0,0,NA,NA,0,NA,NA,0,NA,NA,NA,2,"not estimated, insufficient recent sequencing","not estimated, insufficient recent sequencing"
"110","KNA",82,0,53546,0,0,100,14.9404250550928,153.139356814701,4.82,690.603773584906,0.0762253428774384,0,0,0,0,Inf,Inf,0,NA,NA,0,NA,NA,NA,2,"not estimated, insufficient recent sequencing","not estimated, insufficient recent sequencing"
"111","KOR",99646,5,51305184,0.00501776288059731,0.00974560387503922,45.07,58.7231107094363,194.222088746432,0.96,308.257719089508,0.0302047606106404,0,0,0,0,Inf,Inf,3,24,NA,24,"South Korea",3,24,1.65390656788837,"45.07","45.07%"
"112","KWT",698,0,4328553,0,0,100,3.78879500840119,16.1254811942929,10.15,1217.627721845,0.0795100382887144,0,340057,0,7856.13575714563,Inf,0.00205259706460976,0,NA,NA,0,NA,NA,NA,2,"not estimated, insufficient recent sequencing","not estimated, insufficient recent sequencing"
"113","LAO",34813,0,7379358,0,0,100,100.090007829949,471.761906659089,0.37,41.9204233095107,0.261736385006541,0,0,0,0,Inf,Inf,0,NA,NA,0,NA,NA,NA,2,"not estimated, insufficient recent sequencing","not estimated, insufficient recent sequencing"
"114","LBN",33697,0,6769151,0,0,100,150.624502245555,497.8024570585,2.83,693.241904761905,0.143467989016303,0,0,0,0,Inf,Inf,0,NA,NA,0,NA,NA,NA,2,"not estimated, insufficient recent sequencing","not estimated, insufficient recent sequencing"
"115","LBR",9,0,5180208,0,0,100,0.0193042441539027,0.173738197385124,0.21,27.644128113879,0.0423031811420071,0,0,0,0,Inf,Inf,0,NA,NA,0,NA,NA,NA,2,"not estimated, insufficient recent sequencing","not estimated, insufficient recent sequencing"
"116","LBY",14723,0,6958538,0,0,100,39.9509207250144,211.581800659851,1.18,271.780235773541,0.200807860332162,5783,97649,83.1065376089058,1403.29764671832,0.480719349818433,0.150774713514731,0,NA,NA,0,NA,NA,NA,2,"not estimated, insufficient recent sequencing","not estimated, insufficient recent sequencing"
"117","LCA",361,0,184401,0,0,100,24.4033383766899,195.76900342189,1.43,325.027173913043,0.217941643675278,0,0,0,0,Inf,Inf,0,NA,NA,0,NA,NA,NA,2,"not estimated, insufficient recent sequencing","not estimated, insufficient recent sequencing"
"118","LIE",1165,50,38254,4.29184549356223,130.705285721755,5.82,865.268991478015,3045.43315731688,0,0,NA,0,0,0,0,Inf,Inf,0,NA,NA,0,NA,NA,NA,0.764587650898436,"5.82","5.82%"
"119","LKA",23669,145,21497306,0.612615657611221,0.674503121460894,2.04,20.5374571120679,110.102168150744,0.72,111.369028160463,0.238047254528262,0,0,0,0,Inf,Inf,1,1,NA,1,"Sri Lanka",1,1,0.310656409596937,"2.04","2.04%"
"120","LSO",161,0,2159067,0,0,100,3.24214116560533,7.45692468089226,1.01,101.356676003735,0.100586810129614,0,0,0,0,Inf,Inf,0,NA,NA,0,NA,NA,NA,2,"not estimated, insufficient recent sequencing","not estimated, insufficient recent sequencing"
"121","LTU",58479,548,2689862,0.9370885275056,20.3727923588645,0.55,421.768849108244,2174.05205174094,7.43,2331.659808964,0.0756035582148927,0,450534,0,16749.3350960012,Inf,0.129799304824941,0,NA,NA,0,NA,NA,NA,-0.263464090696662,"0.55","0.55%"
"122","LUX",7932,834,634814,10.5143721633888,131.377064778029,0.36,277.876669386623,1249.4998535004,16.95,5855.27156549521,0.0247651006711409,0,62524,0,9849.18417048143,Inf,0.126863284498752,1,1,NA,1,"Luxembourg",1,1,-0.445442812986332,"0.36","0.36%"
"123","LVA",28648,0,1866934,0,0,100,246.446848147819,1534.49452417707,9.08,1928.82926829268,0.0707380781423355,0,0,0,0,Inf,Inf,0,2,NA,2,"Latvia",NA,2,2,"not estimated, insufficient recent sequencing","not estimated, insufficient recent sequencing"
"124","MAC",0,0,658391,NA,0,100,0,0,NA,NA,NA,NA,NA,NA,NA,NA,NA,0,NA,NA,0,NA,NA,NA,2,"not estimated, insufficient recent sequencing","not estimated, insufficient recent sequencing"
"125","MAR",3452,0,37344787,0,0,100,2.15826642685096,9.24359268671154,1.02,258.485600498496,0.099632615662865,88586,355359,237.211153460321,951.562529999167,0.00909850314948186,0.0097141200870106,0,NA,NA,0,NA,NA,NA,2,"not estimated, insufficient recent sequencing","not estimated, insufficient recent sequencing"
"126","MCO",451,0,39520,0,0,100,371.963562753036,1141.19433198381,0,0,NA,0,0,0,0,Inf,Inf,0,NA,NA,0,NA,NA,NA,2,"not estimated, insufficient recent sequencing","not estimated, insufficient recent sequencing"
"127","MDA",21693,0,4024025,0,0,100,78.1804287995229,539.087108057231,4.79,292.149479424888,0.310773327133525,0,0,0,0,Inf,Inf,0,NA,NA,0,NA,NA,NA,2,"not estimated, insufficient recent sequencing","not estimated, insufficient recent sequencing"
"128","MDG",1168,0,28427333,0,0,100,1.65333835572968,4.10872170104737,0.05,8.50406269184934,0.190244855320486,0,0,0,0,Inf,Inf,0,NA,NA,0,NA,NA,NA,2,"not estimated, insufficient recent sequencing","not estimated, insufficient recent sequencing"
"129","MDV",3695,39,543620,1.05548037889039,7.17412898716015,7.39,122.879952908282,679.702733527096,22.3,3091.29574861368,0.0551372256846635,0,30806,0,5666.82609175527,Inf,0.119944166720769,1,1,NA,1,"Maldives",1,1,0.868865284309737,"7.39","7.39%"
"130","MEX",83047,481,130262220,0.579190097173889,0.369255183889849,0.62,12.8179912794362,63.7537115519757,0.34,92.682183769865,0.326471205523912,120726,536634,92.6792127448772,411.964420689283,0.138304921889237,0.154755382625775,1,1,NA,1,"Mexico",1,1,-0.206993798309777,"0.62","0.62%"
"131","MHL",0,0,59618,NA,0,100,0,0,NA,NA,NA,NA,NA,NA,NA,NA,NA,0,NA,NA,0,NA,NA,NA,2,"not estimated, insufficient recent sequencing","not estimated, insufficient recent sequencing"
"132","MKD",12279,24,2082661,0.195455655998045,1.15237189345746,11.73,104.481718340143,589.582269990171,2.81,707.384541526644,0.147474485606204,15762,86272,756.820241028185,4142.39283301507,0.138053546504251,0.142328913204748,0,NA,NA,0,NA,NA,NA,1.06946886821637,"11.73","11.73%"
"133","MLI",1621,0,20855724,0,0,100,2.64196054761753,7.77244654752815,0.07,24.7425312330255,0.0357541297366987,8870,36677,42.5302904852404,175.860593475441,0.062119503945885,0.0441966354936336,0,NA,NA,0,NA,NA,NA,2,"not estimated, insufficient recent sequencing","not estimated, insufficient recent sequencing"
"134","MLT",2121,0,516100,0,0,100,117.225343925596,410.966866886262,8.67,2740.85067873303,0.0329636404458767,0,0,0,0,Inf,Inf,0,NA,NA,0,NA,NA,NA,2,"not estimated, insufficient recent sequencing","not estimated, insufficient recent sequencing"
"135","MMR",19369,0,54806014,0,0,100,4.51775237659137,35.3410120283515,0.46,104.416780003676,0.0923037739312909,149032,730123,271.926361949986,1332.19503976334,0.0166138815824789,0.0265284068574747,0,NA,NA,0,NA,NA,NA,2,"not estimated, insufficient recent sequencing","not estimated, insufficient recent sequencing"
"136","MNE",11065,0,628051,0,0,100,219.886601565796,1761.79959907715,2.89,699.226114649682,0.360876674394349,0,0,0,0,Inf,Inf,0,NA,NA,0,NA,NA,NA,2,"not estimated, insufficient recent sequencing","not estimated, insufficient recent sequencing"
"137","MNG",18449,0,3329282,0,0,100,64.6986347206395,554.143506017213,0,0,NA,0,0,0,0,Inf,Inf,0,NA,NA,0,NA,NA,NA,2,"not estimated, insufficient recent sequencing","not estimated, insufficient recent sequencing"
"138","MOZ",572,0,32163045,0,0,100,1.23122670754588,1.77843857756627,0.16,31.5713645816669,0.153961994926847,9371,38015,29.1359229202335,118.194654766052,0.0422580300928396,0.0150466920952256,0,NA,2,0,"Mozambique",NA,NA,2,"not estimated, insufficient recent sequencing","not estimated, insufficient recent sequencing"
"139","MRT",1950,0,4775110,0,0,100,7.22496445108071,40.8367555930649,0.54,142.17935483871,0.0598335587036819,14729,55302,308.453627246283,1158.13038861932,0.0234231787629846,0.0352609308885755,0,NA,NA,0,NA,NA,NA,2,"not estimated, insufficient recent sequencing","not estimated, insufficient recent sequencing"
"140","MSR",0,0,4981,NA,0,100,0,0,NA,NA,NA,NA,NA,NA,NA,NA,NA,0,NA,NA,0,NA,NA,NA,2,"not estimated, insufficient recent sequencing","not estimated, insufficient recent sequencing"
"141","MTQ",0,0,-Inf,NA,0,100,0,0,NA,NA,NA,NA,NA,NA,NA,NA,NA,0,NA,NA,0,NA,NA,NA,2,"not estimated, insufficient recent sequencing","not estimated, insufficient recent sequencing"
"142","MUS",3776,0,1273428,0,0,100,55.2838480071115,296.522457492689,3.91,282.725628930818,0.0614247539812083,0,0,0,0,Inf,Inf,0,NA,NA,0,NA,NA,NA,2,"not estimated, insufficient recent sequencing","not estimated, insufficient recent sequencing"
"143","MWI",178,0,19647681,0,0,100,0.407172734532895,0.905959334335691,0.13,23.32232096184,0.138922260375295,4993,17439,25.4126682940343,88.7585664689894,0.0160224314039656,0.0102070072825277,0,NA,NA,0,NA,NA,NA,2,"not estimated, insufficient recent sequencing","not estimated, insufficient recent sequencing"
"144","MYS",161507,148,32776195,0.0916368949952634,0.451547228102591,2,94.1811580020195,492.757014656521,2.84,417.80139652722,0.196617504377869,0,0,0,0,Inf,Inf,1,1,NA,1,"Malaysia",1,1,0.30185332519998,"2","2%"
"145","MYT",0,0,-Inf,NA,0,100,0,0,NA,NA,NA,NA,NA,NA,NA,NA,NA,0,NA,NA,0,NA,NA,NA,2,"not estimated, insufficient recent sequencing","not estimated, insufficient recent sequencing"
"146","NAM",811,0,2587344,0,0,100,23.808198677872,31.3448849476529,1.42,314.825659189296,0.162250678773757,11671,42040,451.080335664682,1624.83226041841,0.0527803958529689,0.019291151284491,0,18,NA,18,"Namibia",NA,18,2,"not estimated, insufficient recent sequencing","not estimated, insufficient recent sequencing"
"147","NCL",0,0,288217,NA,0,100,0,0,0.68,140.621052631579,NA,0,0,0,0,NA,NA,0,NA,NA,0,NA,NA,NA,2,"not estimated, insufficient recent sequencing","not estimated, insufficient recent sequencing"
"148","NER",646,0,25130810,0,0,100,0.362105320122988,2.57054985493902,0.03,7.89548477713058,0.0370436256710233,3842,17394,15.2880070320057,69.2138454749369,0.023685580426861,0.0371392434172703,0,NA,NA,0,NA,NA,NA,2,"not estimated, insufficient recent sequencing","not estimated, insufficient recent sequencing"
"149","NGA",2111,36,211400704,1.70535291331123,0.017029271577071,7.98,0.240774978686921,0.99857756386658,0.53,29.3023236635296,0.0355312024191851,0,0,0,0,Inf,Inf,3,3,NA,3,"Nigeria",3,3,0.902255935760886,"7.98","7.98%"
"150","NIC",555,0,6702379,0,0,100,1.52184769020075,8.28064184373937,0,0,NA,0,0,0,0,Inf,Inf,0,NA,NA,0,NA,NA,NA,2,"not estimated, insufficient recent sequencing","not estimated, insufficient recent sequencing"
"151","NIU",0,0,1614,NA,0,100,0,0,NA,NA,NA,NA,NA,NA,NA,NA,NA,0,NA,NA,0,NA,NA,NA,2,"not estimated, insufficient recent sequencing","not estimated, insufficient recent sequencing"
"152","NLD",575711,1862,17173094,0.323426163474382,10.8425424096555,0.16,764.451647443379,3352.40114565261,4.74,859.176247446746,0.189752061287931,0,0,0,0,Inf,Inf,17,18,NA,18,"Netherlands",17,18,-0.79382599521629,"0.16","0.16%"
"153","NOR",69653,391,5465629,0.561354141243019,7.15379693718692,0.76,377.815618293887,1274.382143391,4.81,1608.96900940786,0.0326118771812822,129185,491412,2363.58889342837,8990.95053835524,0.159848279599025,0.14174053543666,13,19,47,19,"Norway",13,19,-0.117336418196272,"0.76","0.76%"
"154","NPL",8303,0,29674920,0,0,100,4.95704790442569,27.9798563905143,0.65,160.270240587569,0.176151667503963,49897,214507,168.145356415451,722.856203150674,0.0294807303044271,0.0387073615313253,2,2,NA,2,"Nepal",2,2,2,"not estimated, insufficient recent sequencing","not estimated, insufficient recent sequencing"
"155","NRU",0,0,10873,NA,0,100,0,0,NA,NA,NA,NA,NA,NA,NA,NA,NA,0,NA,NA,0,NA,NA,NA,2,"not estimated, insufficient recent sequencing","not estimated, insufficient recent sequencing"
"156","NZL",4990,364,5122600,7.29458917835671,7.10576660289697,0.82,14.758130636786,97.4114707375161,5.77,1054.45997511406,0.00242555667046768,194276,860725,3792.52723226487,16802.5026353805,0.00389137103914019,0.00579743820616341,0,NA,NA,0,NA,NA,NA,-0.0863842889118352,"0.82","0.82%"
"157","OMN",274,0,5223376,0,0,100,1.60815533861625,5.24564955691491,0.78,99.8549050323086,0.597308803256732,0,0,0,0,Inf,Inf,0,NA,NA,0,NA,NA,NA,2,"not estimated, insufficient recent sequencing","not estimated, insufficient recent sequencing"
"158","PAK",10921,17,225199929,0.155663400787474,0.00754884785065807,16.16,1.03063975655161,4.84946866923746,0.26,100.738560020281,0.0578438440322371,301360,1238448,133.818869898489,549.932677820693,0.00770175205734006,0.00881829515651848,0,NA,NA,0,NA,NA,NA,1.20835027205812,"16.16","16.16%"
"159","PAN",5870,0,4381583,0,0,100,35.1242918369913,133.96984605792,3.02,808.53302433372,0.137310895947627,0,0,0,0,Inf,Inf,0,NA,NA,0,NA,NA,NA,2,"not estimated, insufficient recent sequencing","not estimated, insufficient recent sequencing"
"160","PCN",0,0,47,NA,0,100,0,0,NA,NA,NA,NA,NA,NA,NA,NA,NA,0,NA,NA,0,NA,NA,NA,2,"not estimated, insufficient recent sequencing","not estimated, insufficient recent sequencing"
"161","PER",37929,199,33359415,0.524664504732527,0.596533242564355,1.49,25.3151921279195,113.698036970972,1.88,623.421205871649,0.109139700412212,311469,1333490,933.676444865715,3997.34227953338,0.0271134527031583,0.0284434078995718,0,NA,NA,0,NA,NA,NA,0.174385103011383,"1.49","1.49%"
"162","PHL",36789,0,111046910,0,0,100,2.16124879116402,33.1292424075555,0.72,222.905877843787,0.116054454369969,230273,1264062,207.36551786988,1138.31352894016,0.0104224116592045,0.0291037939594735,0,NA,NA,0,NA,NA,NA,2,"not estimated, insufficient recent sequencing","not estimated, insufficient recent sequencing"
"163","PLW",0,0,18174,NA,0,100,0,0,0,0,NA,0,0,0,0,NA,NA,0,NA,NA,0,NA,NA,NA,2,"not estimated, insufficient recent sequencing","not estimated, insufficient recent sequencing"
"164","PNG",4251,0,9119005,0,0,100,4.91281669436523,46.6169280530058,0.15,27.8472113557617,0.142637538179965,1465,33350,16.065349234922,365.719724904197,0.30580204778157,0.127466266866567,0,NA,NA,0,NA,NA,NA,2,"not estimated, insufficient recent sequencing","not estimated, insufficient recent sequencing"
"165","POL",594903,2887,37797000,0.485289198407135,7.63817234172024,0.1,398.073921210678,1573.94237637908,2.2,543.002906439084,0.178648993327877,0,0,0,0,Inf,Inf,0,NA,NA,0,NA,NA,NA,-0.984169091818058,"0.1","0.1%"
"166","PRT",71450,995,10167923,1.3925822253324,9.78567599302237,0.3,220.743213732047,702.700049951204,6.34,1784.8263214671,0.0641096196600042,0,0,0,0,Inf,Inf,13,28,6,28,"Portugal",13,28,-0.521973702454419,"0.3","0.3%"
"167","PRY",1985,0,7219641,0,0,100,3.58743599577874,27.4944418981498,1.12,276.209449039675,0.235133250296163,17278,63521,239.319378899865,879.835991845024,0.0149901608982521,0.0312495080367123,0,NA,NA,0,NA,NA,NA,2,"not estimated, insufficient recent sequencing","not estimated, insufficient recent sequencing"
"168","PSE",6368,0,5222756,0,0,100,27.0738284537895,121.927962937575,2.42,540.685943932562,0.167317068395335,24688,99846,472.700620132359,1911.74927566978,0.0572747893713545,0.0637782184564229,0,NA,NA,0,NA,NA,NA,2,"not estimated, insufficient recent sequencing","not estimated, insufficient recent sequencing"
"169","PYF",0,0,282534,NA,0,100,0,0,0.33,32.491103202847,NA,0,0,0,0,NA,NA,0,NA,NA,0,NA,NA,NA,2,"not estimated, insufficient recent sequencing","not estimated, insufficient recent sequencing"
"170","QAT",4352,0,2930524,0,0,100,31.8373096415522,148.505864480209,2.26,1051.05970149254,0.0806521442632566,38895,168428,1327.23704020168,5747.36804748912,0.0239876590821442,0.0258389341439666,0,NA,NA,0,NA,NA,NA,2,"not estimated, insufficient recent sequencing","not estimated, insufficient recent sequencing"
"171","REU",0,80,-Inf,Inf,0,3.68,0,0,NA,NA,NA,NA,NA,NA,NA,NA,NA,2,2,NA,2,"RÃ©union",2,2,0.565306948007152,"3.68","3.68%"
"172","ROU",92504,6,19127772,0.00648620600190262,0.0313680025044213,39.3,41.7769513354718,483.610950611498,3.2,841.21457531968,0.110363000443791,198940,1240292,1040.05840303826,6484.24709370229,0.0401678898160249,0.0745824370390198,2,2,NA,2,"Romania",2,2,1.59443428594509,"39.3","39.3%"
"173","RUS",1056973,112,145912022,0.0105962971618007,0.0767585826478369,2.64,132.714218709134,724.390619437787,3.98,1517.14708703935,0.0434966151346685,0,10728010,0,7352.38251992697,Inf,0.098524609876389,0,2,NA,2,"Russia",NA,2,0.421489752025356,"2.64","2.64%"
"174","RWA",516,0,13276517,0,0,100,0.527246716891185,3.88656151308359,1.19,274.688928350834,0.0282238513945951,94526,362023,711.978902297945,2726.79197412996,0.000740536995112456,0.00142532380539358,0,NA,NA,0,NA,NA,NA,2,"not estimated, insufficient recent sequencing","not estimated, insufficient recent sequencing"
"175","SAU",1064,0,35340680,0,0,100,0.543283264498589,3.01069475742968,2.92,911.739558798185,0.0173248097171568,297071,1182474,840.592201395106,3345.92882762867,0.000646310141346682,0.000899808367879548,0,1,NA,1,"Saudi Arabia",NA,1,2,"not estimated, insufficient recent sequencing","not estimated, insufficient recent sequencing"
"176","SDN",3056,0,44909351,0,0,100,1.4763072394433,6.80481888950032,0.06,12.8381719081393,0.0772532112601498,0,0,0,0,Inf,Inf,0,NA,NA,0,NA,NA,NA,2,"not estimated, insufficient recent sequencing","not estimated, insufficient recent sequencing"
"177","SEN",91,9,17196308,9.89010989010989,0.0523368155536642,28.31,0.215162463942842,0.529183357264827,0.19,53.1948160535117,0.0831082279660579,8451,35808,49.1442698048907,208.230743482845,0.00437818009702994,0.00254133154602323,0,1,NA,1,"Senegal",NA,1,1.45198410280984,"28.31","28.31%"
"178","SGP",56466,802,5453600,1.42032373463677,14.7058823529412,0.37,104.976529265073,1035.3894675077,12.78,3266.35811965812,0.0140887718594038,0,0,0,0,Inf,Inf,6,6,NA,6,"Singapore",6,6,-0.428482233584541,"0.37","0.37%"
"179","SHN",0,0,6095,NA,0,100,0,0,NA,NA,NA,NA,NA,NA,NA,NA,NA,0,NA,NA,0,NA,NA,NA,2,"not estimated, insufficient recent sequencing","not estimated, insufficient recent sequencing"
"180","SLB",0,0,703995,NA,0,100,0,0,NA,NA,NA,NA,NA,NA,NA,NA,NA,0,NA,NA,0,NA,NA,NA,2,"not estimated, insufficient recent sequencing","not estimated, insufficient recent sequencing"
"181","SLE",4,0,8141343,0,0,100,0,0.0491319429730451,0.1,32.588441770089,0.0246270551396764,1158,12757,14.2236974906966,156.694049126784,0,0.000313553343262523,0,NA,NA,0,NA,NA,NA,2,"not estimated, insufficient recent sequencing","not estimated, insufficient recent sequencing"
"182","SLV",6381,0,6518500,0,0,100,0,97.8906190074404,3.37,279.212765957447,0.0661539039213153,0,0,0,0,NA,Inf,0,NA,NA,0,NA,NA,NA,2,"not estimated, insufficient recent sequencing","not estimated, insufficient recent sequencing"
"183","SMR",560,0,34010,0,0,100,496.912672743311,1646.57453690091,16.37,2624.91176470588,0.0688874696068215,0,0,0,0,Inf,Inf,0,NA,NA,0,NA,NA,NA,2,"not estimated, insufficient recent sequencing","not estimated, insufficient recent sequencing"
"184","SOM",358,0,16359500,0,0,100,0.213942968917143,2.18833093920963,0.23,23.0462467753099,0.0629337599720428,0,26527,0,162.15043247043,Inf,0.0134956836430806,0,NA,NA,0,NA,NA,NA,2,"not estimated, insufficient recent sequencing","not estimated, insufficient recent sequencing"
"185","SRB",89330,0,6871547,0,0,100,161.390149845442,1299.99838464323,2.13,614.477738354126,0.235376326300708,0,0,0,0,Inf,Inf,0,NA,NA,0,NA,NA,NA,2,"not estimated, insufficient recent sequencing","not estimated, insufficient recent sequencing"
"186","SSD",351,0,11381377,0,0,100,0.430527870221679,3.08398535607774,0.14,26.7346792924781,0.0427843939211676,2442,16835,21.456103246558,147.917075411877,0.0200655200655201,0.0208494208494208,0,NA,NA,0,NA,NA,NA,2,"not estimated, insufficient recent sequencing","not estimated, insufficient recent sequencing"
"187","STP",13,0,223364,0,0,100,0.895399437689153,5.8200963449795,1.3,131.579908675799,0.129546085508051,174,957,77.8997510789563,428.44863093426,0.0114942528735632,0.0135841170323929,0,NA,NA,0,NA,NA,NA,2,"not estimated, insufficient recent sequencing","not estimated, insufficient recent sequencing"
"188","SUR",1609,0,591798,0,0,100,31.4296432228564,271.883311535355,0,0,NA,0,0,0,0,Inf,Inf,0,NA,NA,0,NA,NA,NA,2,"not estimated, insufficient recent sequencing","not estimated, insufficient recent sequencing"
"189","SVK",299214,835,5460726,0.279064482276899,15.291007093196,0.36,1292.42888216695,5479.3813130342,172.51,7612.66684981685,0.0296003424598788,0,0,0,0,Inf,Inf,0,NA,NA,0,NA,NA,NA,-0.445962304266531,"0.36","0.36%"
"190","SVN",80068,0,2078723,0,0,100,560.488338273065,3851.78785244595,33.45,3450.71524771525,0.0599472793351916,0,0,0,0,Inf,Inf,0,NA,NA,0,NA,NA,NA,2,"not estimated, insufficient recent sequencing","not estimated, insufficient recent sequencing"
"191","SWE",35051,4637,10160159,13.2292944566489,45.6390495463703,0.06,130.873936126393,344.984758604664,4.77,936.943756807605,0.128103997011264,0,0,0,0,Inf,Inf,4,7,NA,7,"Sweden",4,7,-1.18987437806916,"0.06","0.06%"
"192","SWZ",1049,0,1172369,0,0,100,78.6441811409207,89.4769479575117,1.49,352.387068965517,0.116212335084118,5867,20344,500.439707975902,1735.28982769077,0.157150161922618,0.0515631144317735,0,NA,NA,0,NA,NA,NA,2,"not estimated, insufficient recent sequencing","not estimated, insufficient recent sequencing"
"193","SXM",0,0,43421,NA,0,100,0,0,NA,NA,NA,NA,NA,NA,NA,NA,NA,0,NA,NA,0,NA,NA,NA,2,"not estimated, insufficient recent sequencing","not estimated, insufficient recent sequencing"
"194","SYC",1218,0,98910,0,0,100,211.303204933778,1231.42250530786,3.39,219.428571428571,NA,0,0,0,0,Inf,Inf,0,NA,NA,0,NA,NA,NA,2,"not estimated, insufficient recent sequencing","not estimated, insufficient recent sequencing"
"195","SYR",4428,0,18275704,0,0,100,3.01493173669261,24.2288888023137,0,0,NA,0,0,0,0,Inf,Inf,0,NA,NA,0,NA,NA,NA,2,"not estimated, insufficient recent sequencing","not estimated, insufficient recent sequencing"
"196","TCA",0,0,39226,NA,0,100,0,0,NA,NA,NA,NA,NA,NA,NA,NA,NA,0,NA,NA,0,NA,NA,NA,2,"not estimated, insufficient recent sequencing","not estimated, insufficient recent sequencing"
"197","TCD",596,0,16914985,0,0,100,3.52350297679838,3.52350297679838,0.03,10.9793619870936,0.0316223724264889,2002,9112,11.8356593281046,53.8693945043404,0.297702297702298,0.0654082528533802,0,NA,NA,0,NA,NA,NA,2,"not estimated, insufficient recent sequencing","not estimated, insufficient recent sequencing"
"198","TGO",197,0,8478242,0,0,100,0.636924494488362,2.32359491507791,0.24,70.6659016789467,0.0449607977533275,7046,32060,83.1068516326852,378.14443135735,0.00766392279307408,0.0061447286338116,0,NA,NA,0,NA,NA,NA,2,"not estimated, insufficient recent sequencing","not estimated, insufficient recent sequencing"
"199","THA",185202,58,69950844,0.0313171564021987,0.0829153683978423,5.03,48.1409488068507,264.760207896848,0.7,87.5915042979943,0.350880053883888,0,0,0,0,Inf,Inf,1,1,NA,1,"Thailand",1,1,0.70190750280281,"5.03","5.03%"
"200","TJK",7,0,9749625,0,0,100,0,0.0717976332423042,0,0.0733906479345775,NA,0,0,0,0,NA,Inf,0,NA,NA,0,NA,NA,NA,2,"not estimated, insufficient recent sequencing","not estimated, insufficient recent sequencing"
"201","TKL",0,0,1368,NA,0,100,0,0,NA,NA,NA,NA,NA,NA,NA,NA,NA,0,NA,NA,0,NA,NA,NA,2,"not estimated, insufficient recent sequencing","not estimated, insufficient recent sequencing"
"202","TKM",0,0,6117933,NA,0,100,0,0,NA,NA,NA,NA,NA,NA,NA,NA,NA,0,NA,NA,0,NA,NA,NA,2,"not estimated, insufficient recent sequencing","not estimated, insufficient recent sequencing"
"203","TLS",0,0,-Inf,NA,0,100,0,0,0,0,NA,0,0,0,0,NA,NA,0,NA,NA,0,NA,NA,NA,2,"not estimated, insufficient recent sequencing","not estimated, insufficient recent sequencing"
"204","TON",0,0,106759,NA,0,100,0,0,0,0,NA,0,0,0,0,NA,NA,0,NA,NA,0,NA,NA,NA,2,"not estimated, insufficient recent sequencing","not estimated, insufficient recent sequencing"
"205","TTO",16553,0,1403374,0,0,100,323.221037300107,1179.5145128811,1.41,166.672623302359,0.322221507451485,0,0,0,0,Inf,Inf,0,NA,NA,0,NA,NA,NA,2,"not estimated, insufficient recent sequencing","not estimated, insufficient recent sequencing"
"206","TUN",5372,0,11935764,0,0,100,9.50085809337383,45.007592308293,1.45,270.660715796599,0.224587902426398,26700,108262,223.697452463035,907.038711556294,0.0424719101123595,0.0496203654098391,0,1,NA,1,"Tunisia",NA,1,2,"not estimated, insufficient recent sequencing","not estimated, insufficient recent sequencing"
"207","TUR",724216,2325,85042736,0.321036817744982,2.73391956721618,0.13,153.740350028249,851.59066378109,3.76,996.733172079346,0.105909095196976,0,0,0,0,Inf,Inf,0,NA,NA,0,NA,NA,NA,-0.890199720405492,"0.13","0.13%"
"208","TUV",0,0,11925,NA,0,100,0,0,NA,NA,NA,NA,NA,NA,NA,NA,NA,0,NA,NA,0,NA,NA,NA,2,"not estimated, insufficient recent sequencing","not estimated, insufficient recent sequencing"
"209","TWN",215,0,23855008,0,0,100,0.234751545671249,0.901278255702115,2.16,359.884284334719,0.00194274796870136,199259,924993,835.292111409059,3877.56315151938,0.000281041257860373,0.000232434191393881,0,NA,NA,0,NA,NA,NA,2,"minimal recent COVID cases","minimal recent COVID cases"
"210","TZA",74,0,61498438,0,0,100,0.0146345180344255,0.120328259394165,0.04,4.9748719322329,0.088400876269059,0,0,0,0,Inf,Inf,0,NA,NA,0,NA,NA,NA,2,"not estimated, insufficient recent sequencing","not estimated, insufficient recent sequencing"
"211","UGA",1248,0,47123533,0,0,100,0.280114820762696,2.64835830539276,0.16,43.4942393039068,0.0641653304648977,34891,159222,74.0415622062972,337.882136299076,0.00378321057006105,0.00783811282360478,0,NA,NA,0,NA,NA,NA,2,"not estimated, insufficient recent sequencing","not estimated, insufficient recent sequencing"
"212","UKR",494571,0,43466822,0,0,100,168.827617533207,1137.81265168178,1.33,367.497141811863,0.228270694842995,267589,1460956,615.616665050875,3361.08308079206,0.27424146732489,0.338525595568929,0,NA,NA,0,NA,NA,NA,2,"not estimated, insufficient recent sequencing","not estimated, insufficient recent sequencing"
"213","URY",6011,0,3485152,0,0,100,40.7729705906658,172.474543434547,5.46,1195.31318364997,0.0965498524028072,63826,283669,1831.36919135808,8139.35805382376,0.0222636543101557,0.0211901899749356,0,NA,NA,0,NA,NA,NA,2,"not estimated, insufficient recent sequencing","not estimated, insufficient recent sequencing"
"214","USA",2628820,55801,332915074,2.12266340030888,16.761331750331,0.01,194.187362029753,789.636818908356,6.97,2117.51527025435,0.0700315128932503,5624644,39781330,1689.51316394883,11949.392835243,0.114936874227062,0.0660817524200423,29,40,NA,40,"United States",29,40,-2.27015064146212,"<0.01","<0.01%"
"215","UZB",6952,0,33935765,0,0,100,3.73647094739134,20.4857618503664,0.46,41.8297529056739,0.138809285714286,0,0,0,0,Inf,Inf,0,NA,NA,0,NA,NA,NA,2,"not estimated, insufficient recent sequencing","not estimated, insufficient recent sequencing"
"216","VAT",0,0,812,NA,0,100,0,0,0,0,NA,0,0,0,0,NA,NA,0,NA,NA,0,NA,NA,NA,2,"not estimated, insufficient recent sequencing","not estimated, insufficient recent sequencing"
"217","VCT",531,0,111269,0,0,100,88.0748456443394,477.221867725961,2.25,505.684684684685,0.100176373127149,0,0,0,0,Inf,Inf,0,NA,NA,0,NA,NA,NA,2,"not estimated, insufficient recent sequencing","not estimated, insufficient recent sequencing"
"218","VEN",23344,0,28704947,0,0,100,12.6180340970495,81.3239613366992,0.61,111.79751019834,0.136806504032306,0,0,0,0,Inf,Inf,0,NA,NA,0,NA,NA,NA,2,"not estimated, insufficient recent sequencing","not estimated, insufficient recent sequencing"
"219","VGB",0,0,30423,NA,0,100,0,0,NA,NA,NA,NA,NA,NA,NA,NA,NA,0,NA,NA,0,NA,NA,NA,2,"not estimated, insufficient recent sequencing","not estimated, insufficient recent sequencing"
"220","VNM",355545,4,98168829,0.00112503339942905,0.00407461313407334,52.71,86.5671933399552,362.177081688527,0.13,29.6170085988145,0.454090166464902,0,0,0,0,Inf,Inf,0,NA,NA,0,NA,NA,NA,1.72191707065002,"52.71","52.71%"
"221","VUT",0,0,314464,NA,0,100,0,0,0,0,NA,0,0,0,0,NA,NA,0,NA,NA,0,NA,NA,NA,2,"not estimated, insufficient recent sequencing","not estimated, insufficient recent sequencing"
"222","WLF",0,0,11094,NA,0,100,0,0,NA,NA,NA,NA,NA,NA,NA,NA,NA,0,NA,NA,0,NA,NA,NA,2,"not estimated, insufficient recent sequencing","not estimated, insufficient recent sequencing"
"223","WSM",0,0,200144,NA,0,100,0,0,0,0,NA,0,0,0,0,NA,NA,0,NA,NA,0,NA,NA,NA,2,"not estimated, insufficient recent sequencing","not estimated, insufficient recent sequencing"
"224","YEM",182,0,30490639,0,0,100,0.098390853664956,0.596904512234066,0,0,NA,0,0,0,0,Inf,Inf,0,NA,NA,0,NA,NA,NA,2,"not estimated, insufficient recent sequencing","not estimated, insufficient recent sequencing"
"225","ZAF",89715,290,60041996,0.323245834029984,0.482995268844827,1.03,113.279045553382,149.420415670392,1.02,333.201267935726,0.153411571011071,285742,1028933,475.903565897443,1713.6888653735,0.238029411147119,0.0871922661631029,227,228,55755,228,"South Africa",227,228,0.0118637761130288,"1.03","1.03%"
"226","ZMB",460,0,18920657,0,0,100,0.856207054543613,2.43120521660532,0.56,149.332354221062,0.0766072954541646,27659,126140,146.184141491493,666.678752223033,0.00585704472323656,0.00364674171555415,0,2,NA,2,"Zambia",NA,2,2,"not estimated, insufficient recent sequencing","not estimated, insufficient recent sequencing"
"227","ZWE",5934,0,15092171,0,0,100,31.9370884414177,39.3183989235213,0.78,109.228352284196,0.0856478843655622,29221,96172,193.616942188105,637.231051781748,0.164949864823244,0.0617019506717132,0,50,NA,50,"Zimbabwe",NA,50,2,"not estimated, insufficient recent sequencing","not estimated, insufficient recent sequencing"
